<?xml version="1.0" encoding="UTF-8"?><?xml-stylesheet type='text/xsl' href='_UpgradeReport_Files/UpgradeReport.xslt'?><UpgradeLog>
<Properties><Property Name="Solution" Value="Client">
</Property><Property Name="Archivo de la solución" Value="C:\Users\Andrew\Desktop\N-tier application\My Article Example Code\Client.sln">
</Property><Property Name="Archivo de opciones de usuario" Value="C:\Users\Andrew\Desktop\N-tier application\My Article Example Code\Client.suo">
</Property><Property Name="Date" Value="martes, 22 de noviembre de 2011">
</Property><Property Name="Time" Value="20:59 p.m.">
</Property></Properties><Event ErrorLevel="0" Project="" Source="Client.sln" Description="La copia C:\Users\Andrew\Desktop\N-tier application\My Article Example Code\Backup\Client.sln del archivo se ha realizado correctamente">
</Event><Event ErrorLevel="0" Project="" Source="Client.suo" Description="La copia C:\Users\Andrew\Desktop\N-tier application\My Article Example Code\Backup\Client.suo del archivo se ha realizado correctamente">
</Event><Event ErrorLevel="0" Project="Client" Source="Client\Client.csproj" Description="Se realizó correctamente la copia de seguridad del archivo de proyecto C:\Users\Andrew\Desktop\N-tier application\My Article Example Code\Backup\Client\Client.csproj">
</Event><Event ErrorLevel="0" Project="Client" Source="Client\Form1.cs" Description="Se realizó correctamente la copia de seguridad del archivo C:\Users\Andrew\Desktop\N-tier application\My Article Example Code\Backup\Client\Form1.cs">
</Event><Event ErrorLevel="0" Project="Client" Source="Client\Form1.Designer.cs" Description="Se realizó correctamente la copia de seguridad del archivo C:\Users\Andrew\Desktop\N-tier application\My Article Example Code\Backup\Client\Form1.Designer.cs">
</Event><Event ErrorLevel="0" Project="Client" Source="Client\Program.cs" Description="Se realizó correctamente la copia de seguridad del archivo C:\Users\Andrew\Desktop\N-tier application\My Article Example Code\Backup\Client\Program.cs">
</Event><Event ErrorLevel="0" Project="Client" Source="Client\Properties\AssemblyInfo.cs" Description="Se realizó correctamente la copia de seguridad del archivo C:\Users\Andrew\Desktop\N-tier application\My Article Example Code\Backup\Client\Properties\AssemblyInfo.cs">
</Event><Event ErrorLevel="0" Project="Client" Source="Client\Properties\Resources.Designer.cs" Description="Se realizó correctamente la copia de seguridad del archivo C:\Users\Andrew\Desktop\N-tier application\My Article Example Code\Backup\Client\Properties\Resources.Designer.cs">
</Event><Event ErrorLevel="0" Project="Client" Source="Client\Properties\Settings.Designer.cs" Description="Se realizó correctamente la copia de seguridad del archivo C:\Users\Andrew\Desktop\N-tier application\My Article Example Code\Backup\Client\Properties\Settings.Designer.cs">
</Event><Event ErrorLevel="0" Project="Client" Source="Client\Properties\Settings.settings" Description="Se realizó correctamente la copia de seguridad del archivo C:\Users\Andrew\Desktop\N-tier application\My Article Example Code\Backup\Client\Properties\Settings.settings">
</Event><Event ErrorLevel="0" Project="Client" Source="Client\Form1.resx" Description="Se realizó correctamente la copia de seguridad del archivo C:\Users\Andrew\Desktop\N-tier application\My Article Example Code\Backup\Client\Form1.resx">
</Event><Event ErrorLevel="0" Project="Client" Source="Client\Properties\Resources.resx" Description="Se realizó correctamente la copia de seguridad del archivo C:\Users\Andrew\Desktop\N-tier application\My Article Example Code\Backup\Client\Properties\Resources.resx">
</Event><Event ErrorLevel="1" Project="Client" Source="Client\Client.csproj" Description="La versión de destino de su proyecto es .NET Framework 2.0 ó 3.0. Si el proyecto utiliza ensamblados que requieren una versión más reciente de .NET Framework, no se podrá compilar. Puede cambiar la versión de .NET Framework haciendo clic en Propiedades en el menú del proyecto y seleccionando una nueva versión en el cuadro desplegable '.NET Framework'. (En Visual Basic, haga clic en el botón 'Opciones avanzadas del compilador...' en la pestaña Compilar).">
</Event><Event ErrorLevel="0" Project="Client" Source="Client\Client.csproj" Description="Proyecto convertido correctamente">
</Event><Event ErrorLevel="3" Project="Client" Source="Client\Client.csproj" Description="Converted">
</Event><Event ErrorLevel="0" Project="clsBLL" Source="clsBLL\clsBLL.csproj" Description="Se realizó correctamente la copia de seguridad del archivo de proyecto C:\Users\Andrew\Desktop\N-tier application\My Article Example Code\Backup\clsBLL\clsBLL.csproj">
</Event><Event ErrorLevel="0" Project="clsBLL" Source="clsBLL\BLL.cs" Description="Se realizó correctamente la copia de seguridad del archivo C:\Users\Andrew\Desktop\N-tier application\My Article Example Code\Backup\clsBLL\BLL.cs">
</Event><Event ErrorLevel="0" Project="clsBLL" Source="clsBLL\Properties\AssemblyInfo.cs" Description="Se realizó correctamente la copia de seguridad del archivo C:\Users\Andrew\Desktop\N-tier application\My Article Example Code\Backup\clsBLL\Properties\AssemblyInfo.cs">
</Event><Event ErrorLevel="1" Project="clsBLL" Source="clsBLL\clsBLL.csproj" Description="La versión de destino de su proyecto es .NET Framework 2.0 ó 3.0. Si el proyecto utiliza ensamblados que requieren una versión más reciente de .NET Framework, no se podrá compilar. Puede cambiar la versión de .NET Framework haciendo clic en Propiedades en el menú del proyecto y seleccionando una nueva versión en el cuadro desplegable '.NET Framework'. (En Visual Basic, haga clic en el botón 'Opciones avanzadas del compilador...' en la pestaña Compilar).">
</Event><Event ErrorLevel="0" Project="clsBLL" Source="clsBLL\clsBLL.csproj" Description="Proyecto convertido correctamente">
</Event><Event ErrorLevel="3" Project="clsBLL" Source="clsBLL\clsBLL.csproj" Description="Converted">
</Event><Event ErrorLevel="0" Project="clsDAL" Source="clsDAL\clsDAL.csproj" Description="Se realizó correctamente la copia de seguridad del archivo de proyecto C:\Users\Andrew\Desktop\N-tier application\My Article Example Code\Backup\clsDAL\clsDAL.csproj">
</Event><Event ErrorLevel="0" Project="clsDAL" Source="clsDAL\DAL.cs" Description="Se realizó correctamente la copia de seguridad del archivo C:\Users\Andrew\Desktop\N-tier application\My Article Example Code\Backup\clsDAL\DAL.cs">
</Event><Event ErrorLevel="0" Project="clsDAL" Source="clsDAL\Properties\AssemblyInfo.cs" Description="Se realizó correctamente la copia de seguridad del archivo C:\Users\Andrew\Desktop\N-tier application\My Article Example Code\Backup\clsDAL\Properties\AssemblyInfo.cs">
</Event><Event ErrorLevel="1" Project="clsDAL" Source="clsDAL\clsDAL.csproj" Description="La versión de destino de su proyecto es .NET Framework 2.0 ó 3.0. Si el proyecto utiliza ensamblados que requieren una versión más reciente de .NET Framework, no se podrá compilar. Puede cambiar la versión de .NET Framework haciendo clic en Propiedades en el menú del proyecto y seleccionando una nueva versión en el cuadro desplegable '.NET Framework'. (En Visual Basic, haga clic en el botón 'Opciones avanzadas del compilador...' en la pestaña Compilar).">
</Event><Event ErrorLevel="0" Project="clsDAL" Source="clsDAL\clsDAL.csproj" Description="Proyecto convertido correctamente">
</Event><Event ErrorLevel="3" Project="clsDAL" Source="clsDAL\clsDAL.csproj" Description="Converted">
</Event><Event ErrorLevel="0" Project="" Source="Client.sln" Description="La solución se convirtió correctamente">
</Event><Event ErrorLevel="3" Project="" Source="Client.sln" Description="Converted">
</Event><Event ErrorLevel="0" Project="Client" Source="Client\Client.csproj" Description="Examen completo: no es necesario actualizar los archivos de proyecto.">
</Event><Event ErrorLevel="0" Project="clsBLL" Source="clsBLL\clsBLL.csproj" Description="Examen completo: no es necesario actualizar los archivos de proyecto.">
</Event><Event ErrorLevel="0" Project="clsDAL" Source="clsDAL\clsDAL.csproj" Description="Examen completo: no es necesario actualizar los archivos de proyecto.">
</Event></UpgradeLog>